1,SHISEIDO AMERICA INC.,Room 600
2,"Physicians Total Care, Inc.",PO Box 89028
3,Lake Erie Medical DBA Quality Care Products LLC,Apt 1853
4,Golden State Medical Supply,Room 450
5,Philosophy,19th Floor
6,Target Corporation,7th Floor
7,Aurolife Pharma LLC,Room 1868
8,NorthStar Rx LLC,PO Box 34478
9,"Taro Pharmaceuticals U.S.A., Inc.",Room 1012
10,Acme United Corporation,Room 760
11,mybody,Suite 4
12,Apotheca Company,Suite 62
13,"PD-Rx Pharmaceuticals, Inc.",Room 650
14,Cadila Healthcare Limited,Suite 13
15,Laboratoires Clarins S.A.,4th Floor
16,Cintas First Aid & Safety,Apt 815
17,"Nelco Laboratories, Inc.",Suite 26
18,China Ningbo Shangge Cosmetic Technology Corp.,Apt 1775
19,"Warner Chilcott (US), LLC",11th Floor
20,"NINGBO JIANGBEI OCEAN STAR TRADING CO.,LTD",Apt 40
21,"Aphena Pharma Solutions - Tennessee, LLC",Suite 38
22,Lake Erie Medical DBA Quality Care Products LLC,Apt 1405
23,"Dong Sung Pharm Co., Ltd.",PO Box 81355
24,Coty US LLC,Apt 833
25,Ranbaxy Pharmaceuticals Inc.,Apt 1045
26,Kroger Company,9th Floor
27,AHAVA - Dead Sea Laboratories Ltd.,Suite 88
28,REMEDYREPACK INC.,2nd Floor
29,"General Injectables & Vaccines, Inc",Suite 98
30,Space Brands Limited,Room 1049
31,Emilia Personal Care Inc.,PO Box 1233
32,"Par Pharmaceutical, Inc.",PO Box 98776
33,Pharmacia and Upjohn Company,Suite 86
34,R.A. McNeil Company,Room 759
35,Cardinal Health,Apt 1034
36,Uriel Pharmacy Inc.,Apt 1426
37,"Vitality Works, Inc.",Room 1134
38,Poly Pharmaceuticals,PO Box 57059
39,Cherry Hill Sales Co,Suite 40
40,"Hospira, Inc.",PO Box 19734
41,Camber Pharmaceuticals,Room 300
42,"Delta Brands, Inc",3rd Floor
43,"Premier Value (Chain Drug Consortium, LLC)",Suite 46
44,State of Florida DOH Central Pharmacy,3rd Floor
45,Greenstone LLC,6th Floor
46,Lake Erie Medical & Surgical Supply DBA Quality Care Products LLC,Suite 32
47,"Wake Innovation, LLC",Suite 88
48,Cardinal Health,17th Floor
49,"Babor Cosmetics America, Corp.",PO Box 79212
50,CHANEL PARFUMS BEAUTE,Suite 99
